{"type":"bup-export","version":2,"event":{"league_key":"international-2017","team_names":["Germany","Denmark"],"location":"Barbarossahalle, Ludwig-Thoma-Straße 1, Kaiserslautern","referee":"Carsten Koch","umpires":"Anna Offermann, Barbara Bub, Jörg Hupertz, Manuel Lappe","staticnet_message":"International match demo (changes will not be transmitted anywhere)","protest":"Coaching chairs too comfortable","notes":"Coaches slept through most of the matches","backup_players":[[{"name":"Kai Schäfer","gender":"m"},{"name":"Yvonne Li","gender":"f"}],[{"name":"Viktor Axelsen","gender":"m"}]],"all_players":[[{"firstname":"Michael","lastname":"Fuchs","name":"Michael Fuchs","gender":"m"},{"firstname":"Mark","lastname":"Lamsfuss","name":"Mark Lamsfuss","gender":"m"},{"firstname":"Fabian","lastname":"Roth","name":"Fabian Roth","gender":"m"},{"firstname":"Marvin","lastname":"Seidel","name":"Marvin Seidel","gender":"m"},{"name":"Kai Schäfer","gender":"m"},{"firstname":"Linda","lastname":"Efler","name":"Linda Efler","gender":"f"},{"firstname":"Luise","lastname":"Heim","name":"Luise Heim","gender":"f"},{"firstname":"Lara","lastname":"Käpplein","name":"Lara Käpplein","gender":"f"},{"name":"Yvonne Li","gender":"f"}],[{"firstname":"Anders","lastname":"Antonsen","name":"Anders Antonsen","gender":"m"},{"firstname":"Mathias","lastname":"Christiansen","name":"Mathias Christiansen","gender":"m"},{"firstname":"David","lastname":"Daugaard","name":"David Daugaard","gender":"m"},{"name":"Viktor Axelsen","gender":"m"},{"firstname":"Maiken","lastname":"Fruergaard","name":"Maiken Fruergaard","gender":"f"},{"firstname":"Natalia Koch","lastname":"Rohde","name":"Natalia Koch Rohde","gender":"f"},{"firstname":"Sara","lastname":"Thygesen","name":"Sara Thygesen","gender":"f"}]],"team_competition":true,"date":"11.11.2016","starttime":"19:00","matches":[{"setup":{"match_name":"MX","match_id":"intdemo:MX","is_doubles":true,"teams":[{"players":[{"name":"Linda Efler"},{"name":"Marvin Seidel"}]},{"players":[{"name":"Mathias Christiansen"},{"name":"Sara Thygesen"}]}]}},{"setup":{"match_name":"MS","match_id":"intdemo:MS","is_doubles":false,"teams":[{"players":[{"name":"Max Weißkirchen"}]},{"players":[{"name":"Anders Antonsen"}]}]}},{"setup":{"match_name":"WS","match_id":"intdemo:WS","is_doubles":false,"teams":[{"players":[{"name":"Luise Heim"}]},{"players":[{"name":"Natalia Koch Rohde"}]}]}},{"setup":{"match_name":"WD","match_id":"intdemo:WD","is_doubles":true,"teams":[{"players":[{"name":"Linda Efler"},{"name":"Lara Käpplein"}]},{"players":[{"name":"Maiken Fruergaard"},{"name":"Sara Thygesen"}]}]}},{"setup":{"match_name":"MD","match_id":"intdemo:MD","is_doubles":true,"teams":[{"players":[{"name":"Mark Lamsfuss"},{"name":"Marvin Seidel"}]},{"players":[{"name":"Anders Antonsen"},{"name":"David Daugaard"}]}]}}],"report_urls":["https://www.turnier.de/sport/teammatch.aspx?id=62B8341E-9B7C-4D3F-85FC-13127838677C&match=12"]}}