{"type":"bup-export","version":2,"event":{"team_names":["AS Logistik Mödling","BSC 70 Linz"],"umpires":"Klaus Schlieben","notes":"Coaching-Stühle viel zu gemütlich","league_key":"OBL-2024","team_competition":true,"all_players":[[{"firstname":"Daniel","lastname":"Graßmück","name":"Daniel Graßmück","textid":"20616","gender":"m"},{"firstname":"Philip","lastname":"Haidinger","name":"Philip Haidinger","textid":"21538","gender":"m"},{"firstname":"Andras","lastname":"Nemeth","name":"Andras Nemeth","textid":"23073","gender":"m","nationality":"HUN"},{"firstname":"Benjamin","lastname":"Schlemmer","name":"Benjamin Schlemmer","textid":"21064","gender":"m"},{"firstname":"Dominik","lastname":"Stipsits","name":"Dominik Stipsits","textid":"10783","gender":"m"},{"firstname":"Luka","lastname":"Wraber","name":"Luka Wraber","textid":"20774","gender":"m"},{"firstname":"Reka","lastname":"Sarosi","name":"Reka Sarosi","textid":"24173","gender":"f","nationality":"HUN"},{"firstname":"Bianca","lastname":"Schiester","name":"Bianca Schiester","textid":"20828","gender":"f"}],[{"firstname":"Andreas","lastname":"Böhm","name":"Andreas Böhm","textid":"32095","gender":"m"},{"firstname":"Klaus","lastname":"Dornig","name":"Klaus Dornig","textid":"31577","gender":"m"},{"firstname":"Wolfgang","lastname":"Gnedt","name":"Wolfgang Gnedt","textid":"21139","gender":"m"},{"firstname":"Harald","lastname":"Hochgatterer","name":"Harald Hochgatterer","textid":"3602","gender":"m"},{"firstname":"Christoph","lastname":"Horejs-Kainrath","name":"Christoph Horejs-Kainrath","textid":"337","gender":"m"},{"firstname":"Miha","lastname":"Horvat","name":"Miha Horvat","textid":"80402","gender":"m","nationality":"SLO"},{"firstname":"Miha","lastname":"Ivanic","name":"Miha Ivanic","textid":"36734","gender":"m","nationality":"SLO"},{"firstname":"Miha","lastname":"Sepec","name":"Miha Sepec","textid":"21057","gender":"m","nationality":"SLO"},{"firstname":"Daniel","lastname":"Walchshofer","name":"Daniel Walchshofer","textid":"32124","gender":"m"},{"firstname":"Jessica","lastname":"Drinovac","name":"Jessica Drinovac","textid":"35015","gender":"f"},{"firstname":"Ursula","lastname":"Edelmüller","name":"Ursula Edelmüller","textid":"3172","gender":"f"},{"firstname":"Natalie","lastname":"Hofinger","name":"Natalie Hofinger","textid":"31522","gender":"f"},{"firstname":"Nika","lastname":"Koncut","name":"Nika Koncut","textid":"70863","gender":"f","nationality":"SLO"},{"firstname":"Sonja","lastname":"Langthaler","name":"Sonja Langthaler","textid":"20980","gender":"f"},{"firstname":"Sandra","lastname":"Perneder","name":"Sandra Perneder","textid":"34157","gender":"f"},{"firstname":"Ana Marija","lastname":"Setina","name":"Ana Marija Setina","textid":"36733","gender":"f","nationality":"SLO"}]],"location":"EuropaSportMittelschule Mödling","matches":[{"setup":{"match_name":"HD1","is_doubles":true,"teams":[{"players":[{"textid":"10783","name":"Dominik Stipsits"},{"textid":"20616","name":"Daniel Graßmück"}]},{"players":[{"textid":"21057","name":"Miha Sepec"},{"textid":"21139","name":"Wolfgang Gnedt"}]}],"eventsheet_id":"1.HD"}},{"setup":{"match_name":"HD2","is_doubles":true,"teams":[{"players":[{"textid":"20774","name":"Luka Wraber"},{"textid":"23073","name":"Andras Nemeth"}]},{"players":[{"textid":"80402","name":"Miha Horvat"},{"textid":"3602","name":"Harald Hochgatterer"}]}],"eventsheet_id":"2.HD"}},{"setup":{"match_name":"DD","is_doubles":true,"teams":[{"players":[{"textid":"24173","name":"Reka Sarosi"},{"textid":"20828","name":"Bianca Schiester"}]},{"players":[{"textid":"70863","name":"Nika Koncut"},{"textid":"20980","name":"Sonja Langthaler"}]}]}},{"setup":{"match_name":"HE1","is_doubles":false,"teams":[{"players":[{"textid":"20774","name":"Luka Wraber"}]},{"players":[{"textid":"21139","name":"Wolfgang Gnedt"}]}],"eventsheet_id":"1.HE"}},{"setup":{"match_name":"HE2","is_doubles":false,"teams":[{"players":[{"textid":"23073","name":"Andras Nemeth"}]},{"players":[{"textid":"21057","name":"Miha Sepec"}]}],"eventsheet_id":"2.HE"}},{"setup":{"match_name":"DE","is_doubles":false,"teams":[{"players":[{"textid":"20828","name":"Bianca Schiester"}]},{"players":[{"textid":"36733","name":"Ana Marija Setina"}]}]}},{"setup":{"match_name":"HE3","is_doubles":false,"teams":[{"players":[{"textid":"20616","name":"Daniel Graßmück"}]},{"players":[{"textid":"32124","name":"Daniel Walchshofer"}]}],"eventsheet_id":"3.HE"}},{"setup":{"match_name":"GD","is_doubles":true,"teams":[{"players":[{"textid":"10783","name":"Dominik Stipsits"},{"textid":"24173","name":"Reka Sarosi"}]},{"players":[{"textid":"80402","name":"Miha Horvat"},{"textid":"20980","name":"Sonja Langthaler"}]}]}}],"staticnet_message":"ÖBV-Bundesliga-Demo (nur lokal)"}}