{"type":"bup-export","version":2,"event":{"courts":[{"court_id":1,"description":"1 (links)"},{"court_id":2,"description":"2 (rechts)"}],"league_key":"RLSO-2019","notes":"Start 3 Minuten später wegen Rennmäusen in der Halle","location":"82538 Geretsried, Sporthalle des Gymnasiums, Adalbert-Stifter-Str. 14","umpires":"Lina Engl, Andreas Handtmann","staticnet_message":"Importierter Wettkampf","team_names":["TuS Geretsried","BSV Eggenstein-Leopoldshafen"],"all_players":[[{"firstname":"Noah","lastname":"Gnalian","name":"Noah Gnalian","textid":"07-034921","gender":"m","ranking":1,"ranking_d":2},{"firstname":"Ji?í","lastname":"Louda","name":"Ji?í Louda","textid":"07-044170","gender":"m","ranking":2,"ranking_d":3,"nationality":"CZE"},{"firstname":"Philip","lastname":"Bußler","name":"Philip Bußler","textid":"07-036996","gender":"m","ranking":3,"ranking_d":4},{"firstname":"Samuel","lastname":"Gnalian","name":"Samuel Gnalian","textid":"07-034923","gender":"m","ranking":4,"ranking_d":1},{"firstname":"Simranjeet","lastname":"Pal","name":"Simranjeet Pal","textid":"07-032500","gender":"m","ranking":5},{"firstname":"Sebastian","lastname":"Keller","name":"Sebastian Keller","textid":"07-023850","gender":"m","ranking":6},{"firstname":"Michael","lastname":"Hopp","name":"Michael Hopp","textid":"07-011599","gender":"m","ranking":7,"ranking_d":8},{"firstname":"Matthias","lastname":"Minz","name":"Matthias Minz","textid":"07-034111","gender":"m","ranking":8,"ranking_d":7},{"firstname":"Martin","lastname":"Leinauer","name":"Martin Leinauer","textid":"07-028577","gender":"m","ranking":9,"ranking_d":10},{"firstname":"Markus","lastname":"Krekemeyer","name":"Markus Krekemeyer","textid":"07-030847","gender":"m","ranking":10,"ranking_d":9},{"firstname":"Johannes","lastname":"Leinauer","name":"Johannes Leinauer","textid":"07-028870","gender":"m","ranking":11,"ranking_d":12},{"firstname":"Udo","lastname":"Lehmann","name":"Udo Lehmann","textid":"01-016370","gender":"m","ranking":12,"ranking_d":11},{"firstname":"Sascha","lastname":"Gnalian","name":"Sascha Gnalian","textid":"07-034610","gender":"m","ranking":13},{"firstname":"Uwe","lastname":"Eckhoff","name":"Uwe Eckhoff","textid":"04-004867","gender":"m","ranking":14},{"firstname":"Felix","lastname":"Bauereiß","name":"Felix Bauereiß","textid":"07-038625","gender":"m","ranking":15},{"firstname":"Michael","lastname":"Leinauer","name":"Michael Leinauer","textid":"07-033590","gender":"m","ranking":16},{"firstname":"Stephan","lastname":"Heinle","name":"Stephan Heinle","textid":"07-010323","gender":"m","ranking":17},{"firstname":"Michael","lastname":"Be","name":"Michael Be","textid":"07-008525","gender":"m","ranking":18},{"firstname":"Mathias","lastname":"Renz","name":"Mathias Renz","textid":"07-011166","gender":"m","ranking":19},{"firstname":"Sebastian","lastname":"Düster","name":"Sebastian Düster","textid":"07-016375","gender":"m","ranking":20},{"firstname":"Walter","lastname":"Bader","name":"Walter Bader","textid":"07-031060","gender":"m","ranking":21},{"firstname":"Hans-Dieter","lastname":"Hechtl","name":"Hans-Dieter Hechtl","textid":"07-017798","gender":"m","ranking":22},{"firstname":"Jens","lastname":"Teichmann","name":"Jens Teichmann","textid":"01-109046","gender":"m","ranking":23},{"firstname":"Ulrich","lastname":"Pangerl","name":"Ulrich Pangerl","textid":"07-032841","gender":"m","ranking":24},{"firstname":"Benedikt","lastname":"Leinauer","name":"Benedikt Leinauer","textid":"07-033591","gender":"m","ranking":25},{"firstname":"Hubert","lastname":"Vitzthum","name":"Hubert Vitzthum","textid":"07-004971","gender":"m","ranking":26},{"firstname":"Norbert","lastname":"Gatzka","name":"Norbert Gatzka","textid":"07-039059","gender":"m","ranking":27},{"firstname":"Andreas","lastname":"Deschle","name":"Andreas Deschle","textid":"07-043647","gender":"m","ranking":28},{"firstname":"Michael","lastname":"Heina","name":"Michael Heina","textid":"07-035496","gender":"m","ranking":29},{"firstname":"Helmut","lastname":"Hummler","name":"Helmut Hummler","textid":"07-029689","gender":"m","ranking":30},{"firstname":"Mathias","lastname":"Klemt","name":"Mathias Klemt","textid":"07-042985","gender":"m","ranking":31},{"firstname":"Johannes","lastname":"Kling","name":"Johannes Kling","textid":"07-038628","gender":"m","ranking":32},{"firstname":"Milo","lastname":"Lammers","name":"Milo Lammers","textid":"07-041108","gender":"m","ranking":33},{"firstname":"Lars","lastname":"Lang","name":"Lars Lang","textid":"07-041800","gender":"m","ranking":34},{"firstname":"Patrick","lastname":"Rose","name":"Patrick Rose","textid":"07-038629","gender":"m","ranking":35},{"firstname":"Eric","lastname":"Held","name":"Eric Held","textid":"07-042813","gender":"m","ranking":36},{"firstname":"Leonard","lastname":"Husmann","name":"Leonard Husmann","textid":"07-036224","gender":"m","ranking":37},{"firstname":"Oskar","lastname":"Artner","name":"Oskar Artner","textid":"07-003453","gender":"m","ranking":38},{"firstname":"Maximilian","lastname":"Becker-Platen","name":"Maximilian Becker-Platen","textid":"07-042251","gender":"m","ranking":39},{"firstname":"Michelle","lastname":"Deschle","name":"Michelle Deschle","textid":"07-035267","gender":"f","ranking":1},{"firstname":"Julia","lastname":"Bitsoukova","name":"Julia Bitsoukova","textid":"07-044059","gender":"f","ranking":2,"nationality":"BLR"},{"firstname":"Antonia","lastname":"Schaller","name":"Antonia Schaller","textid":"07-038551","gender":"f","ranking":3},{"firstname":"Mona","lastname":"Künzer","name":"Mona Künzer","textid":"02-025242","gender":"f","ranking":4},{"firstname":"Sabrina","lastname":"Aschenbrenner","name":"Sabrina Aschenbrenner","textid":"07-033165","gender":"f","ranking":5},{"firstname":"Viktoria","lastname":"Aschenbrenner","name":"Viktoria Aschenbrenner","textid":"07-036225","gender":"f","ranking":6},{"firstname":"Benita","lastname":"Heinle","name":"Benita Heinle","textid":"07-037984","gender":"f","ranking":7},{"firstname":"Caroline","lastname":"Rieth","name":"Caroline Rieth","textid":"07-036997","gender":"f","ranking":8},{"firstname":"Teresa","lastname":"Ratschiller","name":"Teresa Ratschiller","textid":"07-037828","gender":"f","ranking":9},{"firstname":"Andrea","lastname":"Fischer","name":"Andrea Fischer","textid":"07-016376","gender":"f","ranking":10},{"firstname":"Sarka","lastname":"Meier","name":"Sarka Meier","textid":"07-036087","gender":"f","ranking":11,"nationality":"CZE"},{"firstname":"Lea","lastname":"Heinle","name":"Lea Heinle","textid":"07-033754","gender":"f","ranking":12},{"firstname":"Helena","lastname":"Aschenbrenner","name":"Helena Aschenbrenner","textid":"07-006442","gender":"f","ranking":13},{"firstname":"Lisa","lastname":"Bußler","name":"Lisa Bußler","textid":"07-038626","gender":"f","ranking":14},{"firstname":"Claudia","lastname":"Frey","name":"Claudia Frey","textid":"07-038355","gender":"f","ranking":15},{"firstname":"Stephanie","lastname":"Niemetz","name":"Stephanie Niemetz","textid":"07-039097","gender":"f","ranking":16},{"firstname":"Usha","lastname":"Gnalian","name":"Usha Gnalian","textid":"07-034737","gender":"f","ranking":17,"nationality":"IND"},{"firstname":"Katrin","lastname":"Leinauer","name":"Katrin Leinauer","textid":"07-038354","gender":"f","ranking":18},{"firstname":"Claudia","lastname":"Heina","name":"Claudia Heina","textid":"07-036543","gender":"f","ranking":19},{"firstname":"Claudia","lastname":"Sonst","name":"Claudia Sonst","textid":"01-067506","gender":"f","ranking":21},{"firstname":"Alma","lastname":"Lichtenauer","name":"Alma Lichtenauer","textid":"07-041086","gender":"f","ranking":23},{"firstname":"Anna","lastname":"Leinauer","name":"Anna Leinauer","textid":"07-033989","gender":"f","ranking":24},{"firstname":"Katrin","lastname":"Klemt","name":"Katrin Klemt","textid":"07-042979","gender":"f","ranking":25},{"firstname":"Adriana","lastname":"Hopfauf","name":"Adriana Hopfauf","textid":"07-040969","gender":"f","ranking":26},{"firstname":"Maja","lastname":"Hechtl","name":"Maja Hechtl","textid":"07-043704","gender":"f","ranking":27}],[{"firstname":"Fabian","lastname":"Schlenga","name":"Fabian Schlenga","textid":"05-036820","gender":"m","ranking":1},{"firstname":"Andreano","lastname":"Boris","name":"Andreano Boris","textid":"05-049324","gender":"m","ranking":2,"nationality":"INA"},{"firstname":"Mihkel","lastname":"Laanes","name":"Mihkel Laanes","textid":"05-060367","gender":"m","ranking":3,"nationality":"EST"},{"firstname":"Simon","lastname":"Junker","name":"Simon Junker","textid":"05-031149","gender":"m","ranking":4},{"firstname":"Maximilian","lastname":"Rudolf","name":"Maximilian Rudolf","textid":"05-036029","gender":"m","ranking":5},{"firstname":"Marcus","lastname":"Bayer","name":"Marcus Bayer","textid":"05-022516","gender":"m","ranking":6},{"firstname":"Lukas","lastname":"Förschner","name":"Lukas Förschner","textid":"05-044702","gender":"m","ranking":7,"ranking_d":16},{"firstname":"Hai Ha","lastname":"Nguyen","name":"Hai Ha Nguyen","textid":"05-043729","gender":"m","ranking":8,"ranking_d":14,"nationality":"VIE"},{"firstname":"Christoph","lastname":"Lechner","name":"Christoph Lechner","textid":"05-036817","gender":"m","ranking":9,"ranking_d":7},{"firstname":"Stefan","lastname":"Pfleging","name":"Stefan Pfleging","textid":"05-032217","gender":"m","ranking":10},{"firstname":"Richard","lastname":"Samman","name":"Richard Samman","textid":"05-036030","gender":"m","ranking":11,"ranking_d":12},{"firstname":"Jannis","lastname":"König","name":"Jannis König","textid":"05-034153","gender":"m","ranking":12,"ranking_d":13},{"firstname":"Mathis","lastname":"Alt","name":"Mathis Alt","textid":"05-036025","gender":"m","ranking":13,"ranking_d":8},{"firstname":"Fabrice","lastname":"Müller","name":"Fabrice Müller","textid":"05-030572","gender":"m","ranking":14,"ranking_d":11},{"firstname":"Markus","lastname":"Döllken","name":"Markus Döllken","textid":"05-029381","gender":"m","ranking":15,"ranking_d":17},{"firstname":"Jochen","lastname":"Richter","name":"Jochen Richter","textid":"05-014285","gender":"m","ranking":16,"ranking_d":18},{"firstname":"Artyom","lastname":"Vasilev","name":"Artyom Vasilev","textid":"05-058267","gender":"m","ranking":17,"ranking_d":19,"nationality":"RUS"},{"firstname":"Han-Ting","lastname":"Chuang","name":"Han-Ting Chuang","textid":"05-057258","gender":"m","ranking":18,"ranking_d":20,"nationality":"TPE"},{"firstname":"Niklas","lastname":"Ditter","name":"Niklas Ditter","textid":"05-042315","gender":"m","ranking":19,"ranking_d":9},{"firstname":"Michael","lastname":"Trumm","name":"Michael Trumm","textid":"05-032788","gender":"m","ranking":20,"ranking_d":21},{"firstname":"Clement","lastname":"Kervio","name":"Clement Kervio","textid":"05-037597","gender":"m","ranking":21,"ranking_d":15,"nationality":"FRA"},{"firstname":"Sun","lastname":"Guo","name":"Sun Guo","textid":"05-039116","gender":"m","ranking":22,"nationality":"CHN"},{"firstname":"Tzu Hsiang","lastname":"Lin","name":"Tzu Hsiang Lin","textid":"05-044808","gender":"m","ranking":23,"nationality":"TPE"},{"firstname":"Sebastian","lastname":"Senst","name":"Sebastian Senst","textid":"05-028647","gender":"m","ranking":24},{"firstname":"Simon","lastname":"Sander","name":"Simon Sander","textid":"16-007264","gender":"m","ranking":25},{"firstname":"Frank","lastname":"Kiefer","name":"Frank Kiefer","textid":"05-007128","gender":"m","ranking":26},{"firstname":"Michael","lastname":"Samman","name":"Michael Samman","textid":"05-032001","gender":"m","ranking":27},{"firstname":"Stefan","lastname":"Gabriel","name":"Stefan Gabriel","textid":"05-027085","gender":"m","ranking":28},{"firstname":"Ingo","lastname":"Bartsch","name":"Ingo Bartsch","textid":"05-014399","gender":"m","ranking":29},{"firstname":"Lauritz","lastname":"Büttner","name":"Lauritz Büttner","textid":"05-031795","gender":"m","ranking":30},{"firstname":"Michael","lastname":"Waidmann","name":"Michael Waidmann","textid":"05-012318","gender":"m","ranking":31},{"firstname":"Benjamin","lastname":"Kervio","name":"Benjamin Kervio","textid":"05-034332","gender":"m","ranking":32,"nationality":"FRA"},{"firstname":"Heiko","lastname":"Hötzel","name":"Heiko Hötzel","textid":"05-029955","gender":"m","ranking":33},{"firstname":"Alexander","lastname":"Pfleging","name":"Alexander Pfleging","textid":"05-036821","gender":"m","ranking":34},{"firstname":"Niklas","lastname":"Hummel","name":"Niklas Hummel","textid":"05-058701","gender":"m","ranking":35},{"firstname":"Noah","lastname":"Fischer","name":"Noah Fischer","textid":"05-055745","gender":"m","ranking":36},{"firstname":"Alexander","lastname":"Schlenga","name":"Alexander Schlenga","textid":"05-048787","gender":"m","ranking":37},{"firstname":"Liisa-Lotta","lastname":"Tannik","name":"Liisa-Lotta Tannik","textid":"05-065743","gender":"f","ranking":1,"nationality":"EST"},{"firstname":"Elisa","lastname":"Herzig de Almeida","name":"Elisa Herzig de Almeida","textid":"05-036322","gender":"f","ranking":2},{"firstname":"Dorothee","lastname":"Ledermann","name":"Dorothee Ledermann","textid":"05-043467","gender":"f","ranking":3},{"firstname":"Julia","lastname":"Selbmann","name":"Julia Selbmann","textid":"05-039143","gender":"f","ranking":4},{"firstname":"Saskia","lastname":"Richter","name":"Saskia Richter","textid":"05-023223","gender":"f","ranking":5},{"firstname":"Melanie","lastname":"Schober","name":"Melanie Schober","textid":"05-011655","gender":"f","ranking":6},{"firstname":"Franziska","lastname":"Lüdtke","name":"Franziska Lüdtke","textid":"05-022983","gender":"f","ranking":7},{"firstname":"Mathilde","lastname":"Kervio","name":"Mathilde Kervio","textid":"05-039264","gender":"f","ranking":8,"nationality":"FRA"},{"firstname":"Rebecca","lastname":"Linder","name":"Rebecca Linder","textid":"05-036966","gender":"f","ranking":9},{"firstname":"Melanie","lastname":"Ortinau","name":"Melanie Ortinau","textid":"05-030571","gender":"f","ranking":10},{"firstname":"Rongrong","lastname":"Shen","name":"Rongrong Shen","textid":"05-058608","gender":"f","ranking":11,"nationality":"CHN"},{"firstname":"Meng","lastname":"Huang","name":"Meng Huang","textid":"05-039121","gender":"f","ranking":12,"nationality":"CHN"},{"firstname":"Qinlan","lastname":"Kang","name":"Qinlan Kang","textid":"05-048067","gender":"f","ranking":13,"nationality":"CHN"},{"firstname":"Fia","lastname":"Müller","name":"Fia Müller","textid":"05-061424","gender":"f","ranking":14},{"firstname":"Katharina","lastname":"Nürnberger","name":"Katharina Nürnberger","textid":"05-061420","gender":"f","ranking":15},{"firstname":"Heike","lastname":"Seith","name":"Heike Seith","textid":"05-047927","gender":"f","ranking":16},{"firstname":"Claudia","lastname":"Kandler","name":"Claudia Kandler","textid":"05-027827","gender":"f","ranking":17},{"firstname":"Simone","lastname":"Braun","name":"Simone Braun","textid":"05-027082","gender":"f","ranking":18},{"firstname":"Birgit","lastname":"Alt","name":"Birgit Alt","textid":"05-047214","gender":"f","ranking":19},{"firstname":"Claudia","lastname":"Rudolf","name":"Claudia Rudolf","textid":"05-009088","gender":"f","ranking":20}]],"team_competition":true,"date":"12.10.2019","starttime":"15:00","matches":[{"setup":{"match_name":"HD1","match_id":"rlsodemo_HD1","is_doubles":true,"teams":[{"players":[]},{"players":[]}],"incomplete":true}},{"setup":{"match_name":"DD","match_id":"rlsodemo_DD","is_doubles":true,"teams":[{"players":[]},{"players":[]}],"incomplete":true}},{"setup":{"match_name":"HD2","match_id":"rlsodemo_HD2","is_doubles":true,"teams":[{"players":[]},{"players":[]}],"incomplete":true,"eventsheet_id":"2.HD"}},{"setup":{"match_name":"HE1","match_id":"rlsodemo_HE1","is_doubles":false,"teams":[{"players":[]},{"players":[]}],"incomplete":true,"eventsheet_id":"1.HE"}},{"setup":{"match_name":"DE","match_id":"rlsodemo_DE","is_doubles":false,"teams":[{"players":[]},{"players":[]}],"incomplete":true}},{"setup":{"match_name":"GD","match_id":"rlsodemo_GD","is_doubles":true,"teams":[{"players":[]},{"players":[]}],"incomplete":true}},{"setup":{"match_name":"HE2","match_id":"rlsodemo_HE2","is_doubles":false,"teams":[{"players":[]},{"players":[]}],"incomplete":true,"eventsheet_id":"2.HE"}},{"setup":{"match_name":"HE3","match_id":"rlsodemo_HE3","is_doubles":false,"teams":[{"players":[]},{"players":[]}],"incomplete":true,"eventsheet_id":"3.HE"}}],"report_urls":["https://www.turnier.de/sport/league/match?id=E723B985-F222-40E8-847A-6360204A2980&match=388"],"tournament_name":"Regionalliga SüdOst","event_name":"TuS Geretsried - BSV Eggenstein-Leopoldshafen","last_update":1570847586757}}