{"type":"bup-export","version":2,"event":{"matches":[{"setup":{"teams":[{"players":[{"name":"Julia Meyer"},{"name":"Elina Sonnenschein"}]},{"players":[{"name":"Jule Alberts"},{"name":"Julie Marzoch"}]}],"is_doubles":true,"match_name":"MD U15","match_id":"wdmudemo_MD U15_0","counting":"3x21"}},{"setup":{"teams":[{"players":[{"name":"Corvin Schmitz"}]},{"players":[{"name":"Bennet Peters"}]}],"is_doubles":false,"match_name":"JE U17","match_id":"wdmudemo_JE U17_1","counting":"3x21"}},{"setup":{"teams":[{"players":[{"name":"Elina Sonnenschein"}]},{"players":[{"name":"Julia Meyer"}]}],"is_doubles":false,"match_name":"ME U15","match_id":"wdmudemo_ME U15_2","counting":"3x21"}},{"setup":{"teams":[{"players":[{"name":"Til Gatzsche"},{"name":"Julian Strack"}]},{"players":[{"name":"Kevin Dang"},{"name":"Philipp Irsen"}]}],"is_doubles":true,"match_name":"JD U13","match_id":"wdmudemo_JD U13_3","counting":"3x21"}},{"setup":{"teams":[{"players":[{"name":"Cara Siebrecht"},{"name":"Sandra Skopek"}]},{"players":[{"name":"Sophie Heidebrecht"},{"name":"Anna Mejikovskiy"}]}],"is_doubles":true,"match_name":"MD U13","match_id":"wdmudemo_MD U13_4","counting":"3x21"}},{"setup":{"teams":[{"players":[{"name":"Anna Mejikovskiy"},{"name":"Til Gatzsche"}]},{"players":[{"name":"Selin Hübsch"},{"name":"Kevin Dang"}]}],"is_doubles":true,"match_name":"GD U13","match_id":"wdmudemo_GD U13_5","counting":"3x21"}},{"setup":{"teams":[{"players":[{"name":"Luca Folgmann"},{"name":"Moritz Rappen"}]},{"players":[{"name":"Marc Hoffschulz"},{"name":"Robin Victor"}]}],"is_doubles":true,"match_name":"JD U19","match_id":"wdmudemo_JD U19_6","counting":"3x21"}},{"setup":{"teams":[{"players":[{"name":"Kevin Dang"}]},{"players":[{"name":"Alexander Becsh"}]}],"is_doubles":false,"match_name":"JE U13","match_id":"wdmudemo_JE U13_7","counting":"3x21"}},{"setup":{"teams":[{"players":[{"name":"Paula Kick"},{"name":"Runa Plützer"}]},{"players":[{"name":"Lena Fischer"},{"name":"Alicia Molitor"}]}],"is_doubles":true,"match_name":"MD U19","match_id":"wdmudemo_MD U19_8","counting":"3x21"}},{"setup":{"teams":[{"players":[{"name":"Sarah Bergedick"}]},{"players":[{"name":"Leona Michalski"}]}],"is_doubles":false,"match_name":"ME U19","match_id":"wdmudemo_ME U19_9","counting":"3x21"}},{"setup":{"teams":[{"players":[{"name":"Karim Krehemeier"}]},{"players":[{"name":"Malik Bourakkadi"}]}],"is_doubles":false,"match_name":"JE U15","match_id":"wdmudemo_JE U15_10","counting":"3x21"}},{"setup":{"teams":[{"players":[{"name":"Rafe Kenji Braach"}]},{"players":[{"name":"Benjamin Klein"}]}],"is_doubles":false,"match_name":"JE U11","match_id":"wdmudemo_JE U11_11","counting":"3x21"}},{"setup":{"teams":[{"players":[{"name":"Malik Bourakkadi"},{"name":"Nils Dubrau"}]},{"players":[{"name":"Jakob Claes"},{"name":"Simon Rieck"}]}],"is_doubles":true,"match_name":"JD U15","match_id":"wdmudemo_JD U15_12","counting":"3x21"}},{"setup":{"teams":[{"players":[{"name":"Finja Rosendahl"},{"name":"Malik Bourakkadi"}]},{"players":[{"name":"Elina Sonnenschein"},{"name":"Karl Sufryd"}]}],"is_doubles":true,"match_name":"GD U15","match_id":"wdmudemo_GD U15_13","counting":"3x21"}},{"setup":{"teams":[{"players":[{"name":"Alicia Molitor"},{"name":"Christopher Klauer"}]},{"players":[{"name":"Runa Plützer"},{"name":"Elias Beckmann"}]}],"is_doubles":true,"match_name":"GD U19","match_id":"wdmudemo_GD U19_14","counting":"3x21"}},{"setup":{"teams":[{"players":[{"name":"Knarik Margaryan"}]},{"players":[{"name":"Selina Giesler"}]}],"is_doubles":false,"match_name":"ME U17","match_id":"wdmudemo_ME U17_15","counting":"3x21"}},{"setup":{"teams":[{"players":[{"name":"Sandra Skopek"}]},{"players":[{"name":"Selin Hübsch"}]}],"is_doubles":false,"match_name":"ME U13","match_id":"wdmudemo_ME U13_16","counting":"3x21"}},{"setup":{"teams":[{"players":[{"name":"Boi Roluf Schröder"}]},{"players":[{"name":"Elias Beckmann"}]}],"is_doubles":false,"match_name":"JE U19","match_id":"wdmudemo_JE U19_17","counting":"3x21"}},{"setup":{"teams":[{"players":[{"name":"Ben Gatzsche"},{"name":"Daniel Stratenko"}]},{"players":[{"name":"Marcello Kausemann"},{"name":"Bennet Peters"}]}],"is_doubles":true,"match_name":"JD U17","match_id":"wdmudemo_JD U17_18","counting":"3x21"}},{"setup":{"teams":[{"players":[{"name":"Paula Jünemann"},{"name":"Leonie Kretschmer"}]},{"players":[{"name":"Nina Becker"},{"name":"Hannah Jaenichen"}]}],"is_doubles":true,"match_name":"MD U17","match_id":"wdmudemo_MD U17_19","counting":"3x21"}},{"setup":{"teams":[{"players":[{"name":"Isabel Kleban"}]},{"players":[{"name":"Isabeau Sinner"}]}],"is_doubles":false,"match_name":"ME U11","match_id":"wdmudemo_ME U11_20","counting":"3x21"}},{"setup":{"teams":[{"players":[{"name":"Leonie Kretschmer"},{"name":"Tim Schmalstieg"}]},{"players":[{"name":"Sarah Bergedick"},{"name":"Daniel Stratenko"}]}],"is_doubles":true,"match_name":"GD U17","match_id":"wdmudemo_GD U17_21","counting":"3x21"}}],"tournament_name":"Westdeutsche Meisterschaften U11-U19 2018","event_name":"WDM U11-U19 2018 Finale (Demo)","staticnet_message":"Demo. Änderungen werden nicht gespeichert."}}