{"type":"bup-export","version":2,"event":{"staticnet_message":"Bundesliga-Demo (nur lokal)","courts":[{"court_id":1,"description":"1 (links)","match_id":"bldemo_GD"},{"court_id":2,"description":"2 (rechts)","match_id":"bldemo_DE"}],"matches":[{"setup":{"eventsheet_id":"1.HD","match_name":"1.HD","teams":[{"players":[{"name":"Sam Magee","nationality":"IRL"},{"name":"Max Schwenger","nationality":"GER"}]},{"players":[{"name":"Marvin Seidel","nationality":"GER"},{"name":"Peter Käsbauer","nationality":"GER"}]}],"is_doubles":true,"counting":"5x11_15","match_id":"bldemo_HD1","umpire_name":"Markus Schwendtner","service_judge_name":"Alexander Heuer","court_id":1},"network_score":[[11,13],[11,7],[11,5],[11,5]],"presses_json":"[{\"timestamp\":1494090075000,\"type\":\"note\",\"val\":\"Dies ist ein fiktives (zufällig generiertes) Spiel\"},{\"timestamp\":1494090075000,\"type\":\"pick_side\",\"team1_left\":false},{\"timestamp\":1494090077000,\"type\":\"pick_server\",\"team_id\":1,\"player_id\":0},{\"timestamp\":1494090079000,\"type\":\"pick_receiver\",\"team_id\":0,\"player_id\":1},{\"timestamp\":1494090080130,\"type\":\"shuttle\"},{\"timestamp\":1494090080779,\"type\":\"shuttle\"},{\"timestamp\":1494090200779,\"type\":\"shuttle\"},{\"timestamp\":1494090211946,\"type\":\"love-all\"},{\"timestamp\":1494090265931,\"type\":\"score\",\"side\":\"left\"},{\"timestamp\":1494090299225,\"type\":\"score\",\"side\":\"right\"},{\"timestamp\":1494090301111,\"type\":\"shuttle\"},{\"timestamp\":1494090317139,\"type\":\"score\",\"side\":\"right\"},{\"timestamp\":1494090367826,\"type\":\"score\",\"side\":\"right\"},{\"timestamp\":1494090368977,\"type\":\"shuttle\"},{\"timestamp\":1494090389091,\"type\":\"score\",\"side\":\"right\"},{\"timestamp\":1494090403166,\"type\":\"score\",\"side\":\"left\"},{\"timestamp\":1494090417357,\"type\":\"score\",\"side\":\"left\"},{\"timestamp\":1494090436943,\"type\":\"score\",\"side\":\"left\"},{\"timestamp\":1494090455312,\"type\":\"score\",\"side\":\"right\"},{\"timestamp\":1494090493604,\"type\":\"score\",\"side\":\"right\"},{\"timestamp\":1494090519489,\"type\":\"score\",\"side\":\"left\"},{\"timestamp\":1494090547381,\"type\":\"score\",\"side\":\"left\"},{\"timestamp\":1494090577162,\"type\":\"score\",\"side\":\"left\"},{\"timestamp\":1494090598607,\"type\":\"score\",\"side\":\"left\"},{\"timestamp\":1494090606936,\"type\":\"score\",\"side\":\"left\"},{\"timestamp\":1494090638981,\"type\":\"score\",\"side\":\"right\"},{\"timestamp\":1494090694647,\"type\":\"score\",\"side\":\"right\"},{\"timestamp\":1494090747337,\"type\":\"score\",\"side\":\"left\"},{\"timestamp\":1494090802352,\"type\":\"score\",\"side\":\"right\"},{\"timestamp\":1494090810260,\"type\":\"score\",\"side\":\"right\"},{\"timestamp\":1494090843246,\"type\":\"score\",\"side\":\"left\"},{\"timestamp\":1494090860934,\"type\":\"score\",\"side\":\"right\"},{\"timestamp\":1494090878341,\"type\":\"score\",\"side\":\"left\"},{\"timestamp\":1494090883541,\"type\":\"score\",\"side\":\"left\"},{\"timestamp\":1494090885382,\"type\":\"postgame-confirm\"},{\"timestamp\":1494090955546,\"type\":\"pick_server\",\"team_id\":1,\"player_id\":1},{\"timestamp\":1494090957546,\"type\":\"pick_receiver\",\"team_id\":0,\"player_id\":1},{\"timestamp\":1494090973519,\"type\":\"love-all\"},{\"timestamp\":1494091025932,\"type\":\"score\",\"side\":\"right\"},{\"timestamp\":1494091027115,\"type\":\"shuttle\"},{\"timestamp\":1494091079043,\"type\":\"score\",\"side\":\"right\"},{\"timestamp\":1494091099192,\"type\":\"score\",\"side\":\"left\"},{\"timestamp\":1494091128091,\"type\":\"score\",\"side\":\"right\"},{\"timestamp\":1494091129365,\"type\":\"shuttle\"},{\"timestamp\":1494091175693,\"type\":\"score\",\"side\":\"right\"},{\"timestamp\":1494091232198,\"type\":\"score\",\"side\":\"left\"},{\"timestamp\":1494091243719,\"type\":\"score\",\"side\":\"left\"},{\"timestamp\":1494091294789,\"type\":\"score\",\"side\":\"left\"},{\"timestamp\":1494091336412,\"type\":\"score\",\"side\":\"left\"},{\"timestamp\":1494091371339,\"type\":\"score\",\"side\":\"right\"},{\"timestamp\":1494091395513,\"type\":\"score\",\"side\":\"right\"},{\"timestamp\":1494091407952,\"type\":\"score\",\"side\":\"left\"},{\"timestamp\":1494091463762,\"type\":\"score\",\"side\":\"left\"},{\"timestamp\":1494091489040,\"type\":\"score\",\"side\":\"left\"},{\"timestamp\":1494091522489,\"type\":\"score\",\"side\":\"left\"},{\"timestamp\":1494091549495,\"type\":\"score\",\"side\":\"right\"},{\"timestamp\":1494091572820,\"type\":\"score\",\"side\":\"left\"},{\"timestamp\":1494091600925,\"type\":\"score\",\"side\":\"left\"},{\"timestamp\":1494091602268,\"type\":\"postgame-confirm\"},{\"timestamp\":1494091664409,\"type\":\"pick_server\",\"team_id\":0,\"player_id\":1},{\"timestamp\":1494091666409,\"type\":\"pick_receiver\",\"team_id\":1,\"player_id\":0},{\"timestamp\":1494091679121,\"type\":\"love-all\"},{\"timestamp\":1494091703207,\"type\":\"score\",\"side\":\"left\"},{\"timestamp\":1494091718248,\"type\":\"score\",\"side\":\"left\"},{\"timestamp\":1494091739643,\"type\":\"score\",\"side\":\"left\"},{\"timestamp\":1494091790728,\"type\":\"score\",\"side\":\"right\"},{\"timestamp\":1494091813428,\"type\":\"score\",\"side\":\"right\"},{\"timestamp\":1494091860538,\"type\":\"score\",\"side\":\"left\"},{\"timestamp\":1494091899724,\"type\":\"score\",\"side\":\"right\"},{\"timestamp\":1494091923017,\"type\":\"score\",\"side\":\"left\"},{\"timestamp\":1494091949489,\"type\":\"score\",\"side\":\"right\"},{\"timestamp\":1494091990898,\"type\":\"score\",\"side\":\"right\"},{\"timestamp\":1494092004423,\"type\":\"score\",\"side\":\"right\"},{\"timestamp\":1494092047635,\"type\":\"score\",\"side\":\"right\"},{\"timestamp\":1494092089164,\"type\":\"score\",\"side\":\"right\"},{\"timestamp\":1494092090274,\"type\":\"shuttle\"},{\"timestamp\":1494092135926,\"type\":\"score\",\"side\":\"right\"},{\"timestamp\":1494092186565,\"type\":\"score\",\"side\":\"right\"},{\"timestamp\":1494092199981,\"type\":\"score\",\"side\":\"right\"},{\"timestamp\":1494092202640,\"type\":\"postgame-confirm\"},{\"timestamp\":1494092266141,\"type\":\"pick_server\",\"team_id\":0,\"player_id\":1},{\"timestamp\":1494092268141,\"type\":\"pick_receiver\",\"team_id\":1,\"player_id\":0},{\"timestamp\":1494092281264,\"type\":\"love-all\"},{\"timestamp\":1494092331526,\"type\":\"score\",\"side\":\"left\"},{\"timestamp\":1494092384044,\"type\":\"score\",\"side\":\"left\"},{\"timestamp\":1494092428952,\"type\":\"score\",\"side\":\"right\"},{\"timestamp\":1494092467364,\"type\":\"score\",\"side\":\"right\"},{\"timestamp\":1494092489132,\"type\":\"score\",\"side\":\"left\"},{\"timestamp\":1494092506298,\"type\":\"score\",\"side\":\"left\"},{\"timestamp\":1494092536035,\"type\":\"score\",\"side\":\"left\"},{\"timestamp\":1494092550133,\"type\":\"score\",\"side\":\"right\"},{\"timestamp\":1494092596681,\"type\":\"score\",\"side\":\"right\"},{\"timestamp\":1494092648123,\"type\":\"score\",\"side\":\"left\"},{\"timestamp\":1494092660949,\"type\":\"score\",\"side\":\"right\"},{\"timestamp\":1494092673196,\"type\":\"score\",\"side\":\"left\"},{\"timestamp\":1494092698097,\"type\":\"score\",\"side\":\"left\"},{\"timestamp\":1494092699391,\"type\":\"shuttle\"},{\"timestamp\":1494092727080,\"type\":\"score\",\"side\":\"left\"},{\"timestamp\":1494092728284,\"type\":\"shuttle\"},{\"timestamp\":1494092760211,\"type\":\"score\",\"side\":\"left\"},{\"timestamp\":1494092806220,\"type\":\"score\",\"side\":\"left\"},{\"timestamp\":1494092817058,\"type\":\"postmatch-confirm\"}]"},{"setup":{"match_name":"DD","teams":[{"players":[{"name":"Debora Jille","nationality":"NED"},{"name":"Leona Michalski","nationality":"GER"}]},{"players":[{"name":"Priskila Siahaya","nationality":"INA"},{"name":"Isabel Lohau","nationality":"GER"}]}],"is_doubles":true,"counting":"5x11_15","match_id":"bldemo_DD","umpire_name":"Barbara Bub","service_judge_name":"Anna Offermann","court_id":2},"network_score":[[9,11],[11,9],[11,8],[7,11],[11,8]],"presses_json":"[{\"timestamp\":1494090130000,\"type\":\"note\",\"val\":\"Dies ist ein fiktives (zufällig generiertes) Spiel\"},{\"timestamp\":1494090130000,\"type\":\"pick_side\",\"team1_left\":false},{\"timestamp\":1494090132000,\"type\":\"pick_server\",\"team_id\":0,\"player_id\":0},{\"timestamp\":1494090134000,\"type\":\"pick_receiver\",\"team_id\":1,\"player_id\":0},{\"timestamp\":1494090135548,\"type\":\"shuttle\"},{\"timestamp\":1494090136486,\"type\":\"shuttle\"},{\"timestamp\":1494090256486,\"type\":\"shuttle\"},{\"timestamp\":1494090266190,\"type\":\"love-all\"},{\"timestamp\":1494090314349,\"type\":\"score\",\"side\":\"right\"},{\"timestamp\":1494090358302,\"type\":\"score\",\"side\":\"left\"},{\"timestamp\":1494090403501,\"type\":\"score\",\"side\":\"left\"},{\"timestamp\":1494090405284,\"type\":\"shuttle\"},{\"timestamp\":1494090419457,\"type\":\"score\",\"side\":\"left\"},{\"timestamp\":1494090451879,\"type\":\"score\",\"side\":\"right\"},{\"timestamp\":1494090494468,\"type\":\"score\",\"side\":\"right\"},{\"timestamp\":1494090496126,\"type\":\"shuttle\"},{\"timestamp\":1494090513238,\"type\":\"score\",\"side\":\"left\"},{\"timestamp\":1494090548348,\"type\":\"score\",\"side\":\"right\"},{\"timestamp\":1494090590870,\"type\":\"score\",\"side\":\"left\"},{\"timestamp\":1494090618764,\"type\":\"score\",\"side\":\"right\"},{\"timestamp\":1494090620585,\"type\":\"shuttle\"},{\"timestamp\":1494090675167,\"type\":\"score\",\"side\":\"left\"},{\"timestamp\":1494090710803,\"type\":\"score\",\"side\":\"right\"},{\"timestamp\":1494090743169,\"type\":\"score\",\"side\":\"left\"},{\"timestamp\":1494090748667,\"type\":\"score\",\"side\":\"left\"},{\"timestamp\":1494090768739,\"type\":\"score\",\"side\":\"left\"},{\"timestamp\":1494090791284,\"type\":\"score\",\"side\":\"right\"},{\"timestamp\":1494090844195,\"type\":\"score\",\"side\":\"left\"},{\"timestamp\":1494090845763,\"type\":\"shuttle\"},{\"timestamp\":1494090853687,\"type\":\"score\",\"side\":\"right\"},{\"timestamp\":1494090877770,\"type\":\"score\",\"side\":\"right\"},{\"timestamp\":1494090879724,\"type\":\"shuttle\"},{\"timestamp\":1494090921519,\"type\":\"score\",\"side\":\"left\"},{\"timestamp\":1494090923011,\"type\":\"postgame-confirm\"},{\"timestamp\":1494090987256,\"type\":\"pick_server\",\"team_id\":1,\"player_id\":0},{\"timestamp\":1494090989256,\"type\":\"pick_receiver\",\"team_id\":0,\"player_id\":1},{\"timestamp\":1494091000606,\"type\":\"love-all\"},{\"timestamp\":1494091033533,\"type\":\"score\",\"side\":\"left\"},{\"timestamp\":1494091060803,\"type\":\"score\",\"side\":\"left\"},{\"timestamp\":1494091118677,\"type\":\"score\",\"side\":\"right\"},{\"timestamp\":1494091172370,\"type\":\"score\",\"side\":\"right\"},{\"timestamp\":1494091203877,\"type\":\"score\",\"side\":\"left\"},{\"timestamp\":1494091219475,\"type\":\"score\",\"side\":\"right\"},{\"timestamp\":1494091244831,\"type\":\"score\",\"side\":\"right\"},{\"timestamp\":1494091264852,\"type\":\"score\",\"side\":\"right\"},{\"timestamp\":1494091281535,\"type\":\"score\",\"side\":\"right\"},{\"timestamp\":1494091282890,\"type\":\"shuttle\"},{\"timestamp\":1494091341205,\"type\":\"score\",\"side\":\"left\"},{\"timestamp\":1494091390865,\"type\":\"score\",\"side\":\"left\"},{\"timestamp\":1494091430232,\"type\":\"score\",\"side\":\"left\"},{\"timestamp\":1494091439346,\"type\":\"score\",\"side\":\"left\"},{\"timestamp\":1494091468416,\"type\":\"score\",\"side\":\"left\"},{\"timestamp\":1494091515562,\"type\":\"score\",\"side\":\"right\"},{\"timestamp\":1494091555249,\"type\":\"score\",\"side\":\"right\"},{\"timestamp\":1494091556642,\"type\":\"shuttle\"},{\"timestamp\":1494091567156,\"type\":\"score\",\"side\":\"left\"},{\"timestamp\":1494091583437,\"type\":\"score\",\"side\":\"right\"},{\"timestamp\":1494091598679,\"type\":\"score\",\"side\":\"left\"},{\"timestamp\":1494091607895,\"type\":\"score\",\"side\":\"left\"},{\"timestamp\":1494091609515,\"type\":\"postgame-confirm\"},{\"timestamp\":1494091680522,\"type\":\"pick_server\",\"team_id\":0,\"player_id\":1},{\"timestamp\":1494091682522,\"type\":\"pick_receiver\",\"team_id\":1,\"player_id\":0},{\"timestamp\":1494091694487,\"type\":\"love-all\"},{\"timestamp\":1494091736264,\"type\":\"score\",\"side\":\"left\"},{\"timestamp\":1494091775851,\"type\":\"score\",\"side\":\"right\"},{\"timestamp\":1494091828486,\"type\":\"score\",\"side\":\"right\"},{\"timestamp\":1494091841632,\"type\":\"score\",\"side\":\"left\"},{\"timestamp\":1494091889271,\"type\":\"score\",\"side\":\"right\"},{\"timestamp\":1494091891074,\"type\":\"shuttle\"},{\"timestamp\":1494091931227,\"type\":\"score\",\"side\":\"left\"},{\"timestamp\":1494091982710,\"type\":\"score\",\"side\":\"left\"},{\"timestamp\":1494091990506,\"type\":\"score\",\"side\":\"right\"},{\"timestamp\":1494092035612,\"type\":\"score\",\"side\":\"right\"},{\"timestamp\":1494092067194,\"type\":\"score\",\"side\":\"right\"},{\"timestamp\":1494092096880,\"type\":\"score\",\"side\":\"right\"},{\"timestamp\":1494092104423,\"type\":\"score\",\"side\":\"left\"},{\"timestamp\":1494092146601,\"type\":\"score\",\"side\":\"right\"},{\"timestamp\":1494092173771,\"type\":\"score\",\"side\":\"left\"},{\"timestamp\":1494092198328,\"type\":\"score\",\"side\":\"left\"},{\"timestamp\":1494092236435,\"type\":\"score\",\"side\":\"right\"},{\"timestamp\":1494092238297,\"type\":\"shuttle\"},{\"timestamp\":1494092264415,\"type\":\"score\",\"side\":\"left\"},{\"timestamp\":1494092295587,\"type\":\"score\",\"side\":\"right\"},{\"timestamp\":1494092307043,\"type\":\"score\",\"side\":\"right\"},{\"timestamp\":1494092308718,\"type\":\"postgame-confirm\"},{\"timestamp\":1494092372927,\"type\":\"pick_server\",\"team_id\":0,\"player_id\":1},{\"timestamp\":1494092374927,\"type\":\"pick_receiver\",\"team_id\":1,\"player_id\":0},{\"timestamp\":1494092384498,\"type\":\"love-all\"},{\"timestamp\":1494092396187,\"type\":\"score\",\"side\":\"left\"},{\"timestamp\":1494092397621,\"type\":\"shuttle\"},{\"timestamp\":1494092443399,\"type\":\"score\",\"side\":\"left\"},{\"timestamp\":1494092444448,\"type\":\"shuttle\"},{\"timestamp\":1494092473961,\"type\":\"score\",\"side\":\"right\"},{\"timestamp\":1494092514381,\"type\":\"score\",\"side\":\"right\"},{\"timestamp\":1494092566900,\"type\":\"score\",\"side\":\"left\"},{\"timestamp\":1494092605439,\"type\":\"score\",\"side\":\"right\"},{\"timestamp\":1494092606654,\"type\":\"shuttle\"},{\"timestamp\":1494092622171,\"type\":\"score\",\"side\":\"right\"},{\"timestamp\":1494092666438,\"type\":\"score\",\"side\":\"right\"},{\"timestamp\":1494092688967,\"type\":\"score\",\"side\":\"right\"},{\"timestamp\":1494092690337,\"type\":\"shuttle\"},{\"timestamp\":1494092734603,\"type\":\"score\",\"side\":\"right\"},{\"timestamp\":1494092786854,\"type\":\"score\",\"side\":\"left\"},{\"timestamp\":1494092806942,\"type\":\"score\",\"side\":\"left\"},{\"timestamp\":1494092853268,\"type\":\"score\",\"side\":\"right\"},{\"timestamp\":1494092870155,\"type\":\"score\",\"side\":\"left\"},{\"timestamp\":1494092917716,\"type\":\"score\",\"side\":\"right\"},{\"timestamp\":1494092956094,\"type\":\"score\",\"side\":\"left\"},{\"timestamp\":1494092986688,\"type\":\"score\",\"side\":\"right\"},{\"timestamp\":1494092993323,\"type\":\"score\",\"side\":\"right\"},{\"timestamp\":1494092994377,\"type\":\"postgame-confirm\"},{\"timestamp\":1494093063117,\"type\":\"pick_server\",\"team_id\":1,\"player_id\":0},{\"timestamp\":1494093065117,\"type\":\"pick_receiver\",\"team_id\":0,\"player_id\":1},{\"timestamp\":1494093076328,\"type\":\"love-all\"},{\"timestamp\":1494093124074,\"type\":\"score\",\"side\":\"left\"},{\"timestamp\":1494093170474,\"type\":\"score\",\"side\":\"left\"},{\"timestamp\":1494093229505,\"type\":\"score\",\"side\":\"right\"},{\"timestamp\":1494093244847,\"type\":\"score\",\"side\":\"left\"},{\"timestamp\":1494093298793,\"type\":\"score\",\"side\":\"right\"},{\"timestamp\":1494093351293,\"type\":\"score\",\"side\":\"left\"},{\"timestamp\":1494093406397,\"type\":\"score\",\"side\":\"right\"},{\"timestamp\":1494093442389,\"type\":\"score\",\"side\":\"left\"},{\"timestamp\":1494093466471,\"type\":\"score\",\"side\":\"right\"},{\"timestamp\":1494093511791,\"type\":\"score\",\"side\":\"right\"},{\"timestamp\":1494093564807,\"type\":\"score\",\"side\":\"right\"},{\"timestamp\":1494093566526,\"type\":\"shuttle\"},{\"timestamp\":1494093604657,\"type\":\"score\",\"side\":\"left\"},{\"timestamp\":1494093652298,\"type\":\"score\",\"side\":\"right\"},{\"timestamp\":1494093679889,\"type\":\"score\",\"side\":\"right\"},{\"timestamp\":1494093713411,\"type\":\"score\",\"side\":\"left\"},{\"timestamp\":1494093721045,\"type\":\"score\",\"side\":\"left\"},{\"timestamp\":1494093748631,\"type\":\"score\",\"side\":\"right\"},{\"timestamp\":1494093749865,\"type\":\"shuttle\"},{\"timestamp\":1494093776042,\"type\":\"score\",\"side\":\"left\"},{\"timestamp\":1494093791070,\"type\":\"score\",\"side\":\"left\"},{\"timestamp\":1494093803090,\"type\":\"postmatch-confirm\"}]"},{"setup":{"eventsheet_id":"2.HD","match_name":"2.HD","teams":[{"players":[{"name":"Nhat Nguyen","nationality":"IRL"},{"name":"Adam Hall","nationality":"SCO"}]},{"players":[{"name":"Fabian Roth","nationality":"GER"},{"name":"Johannes Schöttler","nationality":"GER"}]}],"is_doubles":true,"counting":"5x11_15","match_id":"bldemo_HD2","umpire_name":"Markus Schwendtner","service_judge_name":"Alexander Heuer","court_id":1},"network_score":[[11,8],[11,0],[11,0]],"presses_json":"[{\"type\":\"note\",\"val\":\"Dies ist ein fiktives Spiel zur Demonstration von Karten etc.\",\"timestamp\":1494093300000},{\"type\":\"pick_side\",\"team1_left\":true,\"timestamp\":1494093308302},{\"type\":\"pick_server\",\"team_id\":0,\"player_id\":1,\"timestamp\":1494093311063},{\"type\":\"pick_receiver\",\"team_id\":1,\"player_id\":0,\"timestamp\":1494093314053},{\"type\":\"shuttle\",\"timestamp\":1494093321894},{\"type\":\"shuttle\",\"timestamp\":1494093322723},{\"type\":\"shuttle\",\"timestamp\":1494093430767},{\"type\":\"love-all\",\"timestamp\":1494093450676},{\"type\":\"score\",\"side\":\"left\",\"timestamp\":1494093457266},{\"type\":\"score\",\"side\":\"right\",\"timestamp\":1494093473245},{\"type\":\"score\",\"side\":\"right\",\"timestamp\":1494093485821},{\"type\":\"yellow-card\",\"team_id\":0,\"player_id\":0,\"timestamp\":1494093491704},{\"type\":\"note\",\"val\":\"Gelbe und rote Karte Nhat Nguyen wegen zu vielen Netzrollern.\",\"timestamp\":1494093524809},{\"type\":\"score\",\"side\":\"left\",\"timestamp\":1494093530767},{\"type\":\"score\",\"side\":\"left\",\"timestamp\":1494093538567},{\"type\":\"shuttle\",\"timestamp\":1494093541344},{\"type\":\"red-card\",\"team_id\":0,\"player_id\":0,\"timestamp\":1494093555696},{\"type\":\"score\",\"side\":\"right\",\"timestamp\":1494093561142},{\"type\":\"suspension\",\"timestamp\":1494093567787},{\"type\":\"note\",\"val\":\"Unterbrechung wegen Gans in der Halle. Federn wurden direkt verarbeitet.\",\"timestamp\":1494093607827},{\"type\":\"resume\",\"timestamp\":1494093613322},{\"type\":\"score\",\"side\":\"right\",\"timestamp\":1494093617035},{\"type\":\"score\",\"side\":\"right\",\"timestamp\":1494093622292},{\"type\":\"score\",\"side\":\"left\",\"timestamp\":1494093633274},{\"type\":\"shuttle\",\"timestamp\":1494093636591},{\"type\":\"score\",\"side\":\"right\",\"timestamp\":1494093648692},{\"type\":\"overrule\",\"timestamp\":1494093653127},{\"type\":\"score\",\"side\":\"right\",\"timestamp\":1494093658016},{\"type\":\"correction\",\"team_id\":0,\"timestamp\":1494093661943},{\"type\":\"score\",\"side\":\"left\",\"timestamp\":1494093666743},{\"type\":\"score\",\"side\":\"left\",\"timestamp\":1494093670571},{\"type\":\"undo\",\"timestamp\":1494093673154},{\"type\":\"score\",\"side\":\"left\",\"timestamp\":1494093682460},{\"type\":\"injury\",\"team_id\":1,\"player_id\":1,\"timestamp\":1494093693018},{\"type\":\"retired\",\"team_id\":1,\"player_id\":1,\"timestamp\":1494093719246},{\"type\":\"postmatch-confirm\",\"timestamp\":1494093723275}]"},{"setup":{"match_name":"1.HE","teams":[{"players":[{"name":"Nhat Nguyen","nationality":"IRL"}]},{"players":[{"name":"Fabian Roth","nationality":"GER"}]}],"is_doubles":false,"counting":"5x11_15","match_id":"bldemo_HE1","umpire_name":"Barbara Bub","service_judge_name":"Anna Offermann","court_id":2},"network_score":[[14,15],[11,9],[11,5],[11,6]],"presses_json":"[{\"timestamp\":1494095210000,\"type\":\"note\",\"val\":\"Dies ist ein fiktives (zufällig generiertes) Spiel\"},{\"timestamp\":1494095210000,\"type\":\"pick_side\",\"team1_left\":true},{\"timestamp\":1494095212000,\"type\":\"pick_server\",\"team_id\":1,\"player_id\":0},{\"timestamp\":1494095213797,\"type\":\"shuttle\"},{\"timestamp\":1494095214219,\"type\":\"shuttle\"},{\"timestamp\":1494095334219,\"type\":\"shuttle\"},{\"timestamp\":1494095347016,\"type\":\"love-all\"},{\"timestamp\":1494095409799,\"type\":\"score\",\"side\":\"left\"},{\"timestamp\":1494095432918,\"type\":\"score\",\"side\":\"right\"},{\"timestamp\":1494095434499,\"type\":\"shuttle\"},{\"timestamp\":1494095472135,\"type\":\"score\",\"side\":\"left\"},{\"timestamp\":1494095499124,\"type\":\"score\",\"side\":\"left\"},{\"timestamp\":1494095522588,\"type\":\"score\",\"side\":\"right\"},{\"timestamp\":1494095571014,\"type\":\"score\",\"side\":\"left\"},{\"timestamp\":1494095601399,\"type\":\"score\",\"side\":\"left\"},{\"timestamp\":1494095602831,\"type\":\"shuttle\"},{\"timestamp\":1494095638247,\"type\":\"score\",\"side\":\"right\"},{\"timestamp\":1494095649816,\"type\":\"score\",\"side\":\"left\"},{\"timestamp\":1494095677748,\"type\":\"score\",\"side\":\"left\"},{\"timestamp\":1494095733955,\"type\":\"score\",\"side\":\"right\"},{\"timestamp\":1494095793371,\"type\":\"score\",\"side\":\"left\"},{\"timestamp\":1494095795337,\"type\":\"shuttle\"},{\"timestamp\":1494095811631,\"type\":\"score\",\"side\":\"right\"},{\"timestamp\":1494095818359,\"type\":\"score\",\"side\":\"right\"},{\"timestamp\":1494095871107,\"type\":\"score\",\"side\":\"left\"},{\"timestamp\":1494095900741,\"type\":\"score\",\"side\":\"right\"},{\"timestamp\":1494095912328,\"type\":\"score\",\"side\":\"right\"},{\"timestamp\":1494095940898,\"type\":\"score\",\"side\":\"right\"},{\"timestamp\":1494095957789,\"type\":\"score\",\"side\":\"left\"},{\"timestamp\":1494096008775,\"type\":\"score\",\"side\":\"right\"},{\"timestamp\":1494096026187,\"type\":\"score\",\"side\":\"right\"},{\"timestamp\":1494096033021,\"type\":\"score\",\"side\":\"left\"},{\"timestamp\":1494096068462,\"type\":\"score\",\"side\":\"left\"},{\"timestamp\":1494096112533,\"type\":\"score\",\"side\":\"right\"},{\"timestamp\":1494096140963,\"type\":\"score\",\"side\":\"left\"},{\"timestamp\":1494096197818,\"type\":\"score\",\"side\":\"right\"},{\"timestamp\":1494096243420,\"type\":\"score\",\"side\":\"left\"},{\"timestamp\":1494096292667,\"type\":\"score\",\"side\":\"right\"},{\"timestamp\":1494096321815,\"type\":\"score\",\"side\":\"right\"},{\"timestamp\":1494096323064,\"type\":\"postgame-confirm\"},{\"timestamp\":1494096402121,\"type\":\"love-all\"},{\"timestamp\":1494096442561,\"type\":\"score\",\"side\":\"right\"},{\"timestamp\":1494096443691,\"type\":\"shuttle\"},{\"timestamp\":1494096473613,\"type\":\"score\",\"side\":\"right\"},{\"timestamp\":1494096532052,\"type\":\"score\",\"side\":\"left\"},{\"timestamp\":1494096545808,\"type\":\"score\",\"side\":\"right\"},{\"timestamp\":1494096573829,\"type\":\"score\",\"side\":\"right\"},{\"timestamp\":1494096609183,\"type\":\"score\",\"side\":\"left\"},{\"timestamp\":1494096619416,\"type\":\"score\",\"side\":\"right\"},{\"timestamp\":1494096668233,\"type\":\"score\",\"side\":\"right\"},{\"timestamp\":1494096673448,\"type\":\"score\",\"side\":\"left\"},{\"timestamp\":1494096710684,\"type\":\"score\",\"side\":\"right\"},{\"timestamp\":1494096762828,\"type\":\"score\",\"side\":\"left\"},{\"timestamp\":1494096813490,\"type\":\"score\",\"side\":\"left\"},{\"timestamp\":1494096826852,\"type\":\"score\",\"side\":\"right\"},{\"timestamp\":1494096853786,\"type\":\"score\",\"side\":\"left\"},{\"timestamp\":1494096867879,\"type\":\"score\",\"side\":\"left\"},{\"timestamp\":1494096922711,\"type\":\"score\",\"side\":\"left\"},{\"timestamp\":1494096972401,\"type\":\"score\",\"side\":\"right\"},{\"timestamp\":1494097004498,\"type\":\"score\",\"side\":\"left\"},{\"timestamp\":1494097018134,\"type\":\"score\",\"side\":\"right\"},{\"timestamp\":1494097055011,\"type\":\"score\",\"side\":\"right\"},{\"timestamp\":1494097057114,\"type\":\"postgame-confirm\"},{\"timestamp\":1494097131546,\"type\":\"love-all\"},{\"timestamp\":1494097152854,\"type\":\"score\",\"side\":\"right\"},{\"timestamp\":1494097171028,\"type\":\"score\",\"side\":\"left\"},{\"timestamp\":1494097197390,\"type\":\"score\",\"side\":\"left\"},{\"timestamp\":1494097213771,\"type\":\"score\",\"side\":\"left\"},{\"timestamp\":1494097247275,\"type\":\"score\",\"side\":\"right\"},{\"timestamp\":1494097272097,\"type\":\"score\",\"side\":\"right\"},{\"timestamp\":1494097314667,\"type\":\"score\",\"side\":\"left\"},{\"timestamp\":1494097355580,\"type\":\"score\",\"side\":\"left\"},{\"timestamp\":1494097374534,\"type\":\"score\",\"side\":\"left\"},{\"timestamp\":1494097433477,\"type\":\"score\",\"side\":\"left\"},{\"timestamp\":1494097465216,\"type\":\"score\",\"side\":\"right\"},{\"timestamp\":1494097524708,\"type\":\"score\",\"side\":\"right\"},{\"timestamp\":1494097566296,\"type\":\"score\",\"side\":\"left\"},{\"timestamp\":1494097605290,\"type\":\"score\",\"side\":\"left\"},{\"timestamp\":1494097606516,\"type\":\"shuttle\"},{\"timestamp\":1494097648103,\"type\":\"score\",\"side\":\"left\"},{\"timestamp\":1494097667975,\"type\":\"score\",\"side\":\"left\"},{\"timestamp\":1494097670431,\"type\":\"postgame-confirm\"},{\"timestamp\":1494097744838,\"type\":\"love-all\"},{\"timestamp\":1494097760538,\"type\":\"score\",\"side\":\"left\"},{\"timestamp\":1494097762000,\"type\":\"shuttle\"},{\"timestamp\":1494097802848,\"type\":\"score\",\"side\":\"right\"},{\"timestamp\":1494097826356,\"type\":\"score\",\"side\":\"left\"},{\"timestamp\":1494097827670,\"type\":\"shuttle\"},{\"timestamp\":1494097873370,\"type\":\"score\",\"side\":\"right\"},{\"timestamp\":1494097888990,\"type\":\"score\",\"side\":\"right\"},{\"timestamp\":1494097932411,\"type\":\"score\",\"side\":\"right\"},{\"timestamp\":1494097965016,\"type\":\"score\",\"side\":\"left\"},{\"timestamp\":1494098024728,\"type\":\"score\",\"side\":\"left\"},{\"timestamp\":1494098049379,\"type\":\"score\",\"side\":\"right\"},{\"timestamp\":1494098070835,\"type\":\"score\",\"side\":\"right\"},{\"timestamp\":1494098118938,\"type\":\"score\",\"side\":\"left\"},{\"timestamp\":1494098136544,\"type\":\"score\",\"side\":\"right\"},{\"timestamp\":1494098167448,\"type\":\"score\",\"side\":\"left\"},{\"timestamp\":1494098181826,\"type\":\"score\",\"side\":\"right\"},{\"timestamp\":1494098231680,\"type\":\"score\",\"side\":\"right\"},{\"timestamp\":1494098278247,\"type\":\"score\",\"side\":\"right\"},{\"timestamp\":1494098310562,\"type\":\"score\",\"side\":\"right\"},{\"timestamp\":1494098320103,\"type\":\"postmatch-confirm\"}]"},{"setup":{"match_name":"DE","teams":[{"players":[{"name":"Ann-Katrin Svenja Spöri","nationality":"GER"}]},{"players":[{"name":"Priskila Siahaya","nationality":"INA"}]}],"is_doubles":false,"counting":"5x11_15","match_id":"bldemo_DE","umpire_name":"Markus Schwendtner","service_judge_name":"Alexander Heuer","court_id":1},"network_score":[[8,11],[4,11],[10,12]],"presses_json":"[{\"timestamp\":1494095210000,\"type\":\"note\",\"val\":\"Dies ist ein fiktives (zufällig generiertes) Spiel\"},{\"timestamp\":1494095210000,\"type\":\"pick_side\",\"team1_left\":true},{\"timestamp\":1494095212000,\"type\":\"pick_server\",\"team_id\":1,\"player_id\":0},{\"timestamp\":1494095213355,\"type\":\"shuttle\"},{\"timestamp\":1494095214326,\"type\":\"shuttle\"},{\"timestamp\":1494095334326,\"type\":\"shuttle\"},{\"timestamp\":1494095344751,\"type\":\"love-all\"},{\"timestamp\":1494095383292,\"type\":\"score\",\"side\":\"right\"},{\"timestamp\":1494095398799,\"type\":\"score\",\"side\":\"left\"},{\"timestamp\":1494095418718,\"type\":\"score\",\"side\":\"right\"},{\"timestamp\":1494095468085,\"type\":\"score\",\"side\":\"left\"},{\"timestamp\":1494095490179,\"type\":\"score\",\"side\":\"right\"},{\"timestamp\":1494095500246,\"type\":\"score\",\"side\":\"right\"},{\"timestamp\":1494095516277,\"type\":\"score\",\"side\":\"right\"},{\"timestamp\":1494095569567,\"type\":\"score\",\"side\":\"right\"},{\"timestamp\":1494095596674,\"type\":\"score\",\"side\":\"left\"},{\"timestamp\":1494095643634,\"type\":\"score\",\"side\":\"left\"},{\"timestamp\":1494095664142,\"type\":\"score\",\"side\":\"left\"},{\"timestamp\":1494095715841,\"type\":\"score\",\"side\":\"left\"},{\"timestamp\":1494095734549,\"type\":\"score\",\"side\":\"right\"},{\"timestamp\":1494095754720,\"type\":\"score\",\"side\":\"right\"},{\"timestamp\":1494095810211,\"type\":\"score\",\"side\":\"left\"},{\"timestamp\":1494095823613,\"type\":\"score\",\"side\":\"left\"},{\"timestamp\":1494095865695,\"type\":\"score\",\"side\":\"right\"},{\"timestamp\":1494095877140,\"type\":\"score\",\"side\":\"right\"},{\"timestamp\":1494095925867,\"type\":\"score\",\"side\":\"right\"},{\"timestamp\":1494095928525,\"type\":\"postgame-confirm\"},{\"timestamp\":1494095999687,\"type\":\"love-all\"},{\"timestamp\":1494096033094,\"type\":\"score\",\"side\":\"left\"},{\"timestamp\":1494096034802,\"type\":\"shuttle\"},{\"timestamp\":1494096082225,\"type\":\"score\",\"side\":\"right\"},{\"timestamp\":1494096105562,\"type\":\"score\",\"side\":\"left\"},{\"timestamp\":1494096163452,\"type\":\"score\",\"side\":\"left\"},{\"timestamp\":1494096217148,\"type\":\"score\",\"side\":\"left\"},{\"timestamp\":1494096242624,\"type\":\"score\",\"side\":\"left\"},{\"timestamp\":1494096278168,\"type\":\"score\",\"side\":\"right\"},{\"timestamp\":1494096302807,\"type\":\"score\",\"side\":\"right\"},{\"timestamp\":1494096308447,\"type\":\"score\",\"side\":\"left\"},{\"timestamp\":1494096321393,\"type\":\"score\",\"side\":\"left\"},{\"timestamp\":1494096336962,\"type\":\"score\",\"side\":\"left\"},{\"timestamp\":1494096394296,\"type\":\"score\",\"side\":\"right\"},{\"timestamp\":1494096420930,\"type\":\"score\",\"side\":\"left\"},{\"timestamp\":1494096454743,\"type\":\"score\",\"side\":\"left\"},{\"timestamp\":1494096503865,\"type\":\"score\",\"side\":\"left\"},{\"timestamp\":1494096504990,\"type\":\"postgame-confirm\"},{\"timestamp\":1494096579679,\"type\":\"love-all\"},{\"timestamp\":1494096632113,\"type\":\"score\",\"side\":\"right\"},{\"timestamp\":1494096672551,\"type\":\"score\",\"side\":\"right\"},{\"timestamp\":1494096680280,\"type\":\"score\",\"side\":\"right\"},{\"timestamp\":1494096693724,\"type\":\"score\",\"side\":\"right\"},{\"timestamp\":1494096708172,\"type\":\"score\",\"side\":\"right\"},{\"timestamp\":1494096739922,\"type\":\"score\",\"side\":\"right\"},{\"timestamp\":1494096767084,\"type\":\"score\",\"side\":\"left\"},{\"timestamp\":1494096774221,\"type\":\"score\",\"side\":\"left\"},{\"timestamp\":1494096784749,\"type\":\"score\",\"side\":\"left\"},{\"timestamp\":1494096786626,\"type\":\"shuttle\"},{\"timestamp\":1494096799740,\"type\":\"score\",\"side\":\"left\"},{\"timestamp\":1494096858150,\"type\":\"score\",\"side\":\"left\"},{\"timestamp\":1494096889690,\"type\":\"score\",\"side\":\"left\"},{\"timestamp\":1494096891361,\"type\":\"shuttle\"},{\"timestamp\":1494096910773,\"type\":\"score\",\"side\":\"right\"},{\"timestamp\":1494096924853,\"type\":\"score\",\"side\":\"right\"},{\"timestamp\":1494096940077,\"type\":\"score\",\"side\":\"left\"},{\"timestamp\":1494096999041,\"type\":\"score\",\"side\":\"right\"},{\"timestamp\":1494097043487,\"type\":\"score\",\"side\":\"left\"},{\"timestamp\":1494097073545,\"type\":\"score\",\"side\":\"left\"},{\"timestamp\":1494097079607,\"type\":\"score\",\"side\":\"right\"},{\"timestamp\":1494097129355,\"type\":\"score\",\"side\":\"left\"},{\"timestamp\":1494097179387,\"type\":\"score\",\"side\":\"right\"},{\"timestamp\":1494097204169,\"type\":\"score\",\"side\":\"right\"},{\"timestamp\":1494097214509,\"type\":\"postmatch-confirm\"}]"},{"setup":{"match_name":"GD","teams":[{"players":[{"name":"Sam Magee","nationality":"IRL"},{"name":"Debora Jille","nationality":"NED"}]},{"players":[{"name":"Marvin Seidel","nationality":"GER"},{"name":"Isabel Lohau","nationality":"GER"}]}],"is_doubles":true,"counting":"5x11_15","match_id":"bldemo_GD","umpire_name":"Markus Schwendtner","service_judge_name":"Alexander Heuer","court_id":1},"network_score":[[11,13],[5,4]],"network_teams_player1_even":[false,false],"network_team1_serving":true,"presses_json":"[{\"timestamp\":1494090075000,\"type\":\"note\",\"val\":\"Dies ist ein fiktives (zufällig generiertes) Spiel\"},{\"timestamp\":1494090075000,\"type\":\"pick_side\",\"team1_left\":false},{\"timestamp\":1494090077000,\"type\":\"pick_server\",\"team_id\":1,\"player_id\":0},{\"timestamp\":1494090079000,\"type\":\"pick_receiver\",\"team_id\":0,\"player_id\":1},{\"timestamp\":1494090080130,\"type\":\"shuttle\"},{\"timestamp\":1494090080779,\"type\":\"shuttle\"},{\"timestamp\":1494090200779,\"type\":\"shuttle\"},{\"timestamp\":1494090211946,\"type\":\"love-all\"},{\"timestamp\":1494090265931,\"type\":\"score\",\"side\":\"left\"},{\"timestamp\":1494090299225,\"type\":\"score\",\"side\":\"right\"},{\"timestamp\":1494090301111,\"type\":\"shuttle\"},{\"timestamp\":1494090317139,\"type\":\"score\",\"side\":\"right\"},{\"timestamp\":1494090367826,\"type\":\"score\",\"side\":\"right\"},{\"timestamp\":1494090368977,\"type\":\"shuttle\"},{\"timestamp\":1494090389091,\"type\":\"score\",\"side\":\"right\"},{\"timestamp\":1494090403166,\"type\":\"score\",\"side\":\"left\"},{\"timestamp\":1494090417357,\"type\":\"score\",\"side\":\"left\"},{\"timestamp\":1494090436943,\"type\":\"score\",\"side\":\"left\"},{\"timestamp\":1494090455312,\"type\":\"score\",\"side\":\"right\"},{\"timestamp\":1494090493604,\"type\":\"score\",\"side\":\"right\"},{\"timestamp\":1494090519489,\"type\":\"score\",\"side\":\"left\"},{\"timestamp\":1494090547381,\"type\":\"score\",\"side\":\"left\"},{\"timestamp\":1494090577162,\"type\":\"score\",\"side\":\"left\"},{\"timestamp\":1494090598607,\"type\":\"score\",\"side\":\"left\"},{\"timestamp\":1494090606936,\"type\":\"score\",\"side\":\"left\"},{\"timestamp\":1494090638981,\"type\":\"score\",\"side\":\"right\"},{\"timestamp\":1494090694647,\"type\":\"score\",\"side\":\"right\"},{\"timestamp\":1494090747337,\"type\":\"score\",\"side\":\"left\"},{\"timestamp\":1494090802352,\"type\":\"score\",\"side\":\"right\"},{\"timestamp\":1494090810260,\"type\":\"score\",\"side\":\"right\"},{\"timestamp\":1494090843246,\"type\":\"score\",\"side\":\"left\"},{\"timestamp\":1494090860934,\"type\":\"score\",\"side\":\"right\"},{\"timestamp\":1494090878341,\"type\":\"score\",\"side\":\"left\"},{\"timestamp\":1494090883541,\"type\":\"score\",\"side\":\"left\"},{\"timestamp\":1494090885382,\"type\":\"postgame-confirm\"},{\"timestamp\":1494090955546,\"type\":\"pick_server\",\"team_id\":1,\"player_id\":1},{\"timestamp\":1494090957546,\"type\":\"pick_receiver\",\"team_id\":0,\"player_id\":1},{\"timestamp\":1494090973519,\"type\":\"love-all\"},{\"timestamp\":1494091025932,\"type\":\"score\",\"side\":\"right\"},{\"timestamp\":1494091027115,\"type\":\"shuttle\"},{\"timestamp\":1494091079043,\"type\":\"score\",\"side\":\"right\"},{\"timestamp\":1494091099192,\"type\":\"score\",\"side\":\"left\"},{\"timestamp\":1494091128091,\"type\":\"score\",\"side\":\"right\"},{\"timestamp\":1494091129365,\"type\":\"shuttle\"},{\"timestamp\":1494091175693,\"type\":\"score\",\"side\":\"left\"},{\"timestamp\":1494091232198,\"type\":\"score\",\"side\":\"left\"},{\"timestamp\":1494091242198,\"type\":\"score\",\"side\":\"left\"},{\"timestamp\":1494091252198,\"type\":\"score\",\"side\":\"right\"},{\"timestamp\":1494091262198,\"type\":\"score\",\"side\":\"left\"}]"},{"setup":{"match_name":"2.HE","teams":[{"players":[{"name":"Adam Hall","nationality":"SCO"}]},{"players":[{"name":"Dieter Domke","nationality":"GER"}]}],"is_doubles":false,"counting":"5x11_15","match_id":"bldemo_HE2"},"network_score":[],"presses_json":"[]"}],"id":"bldemo","event_name":"TV Refrath - BC Bischmisheim (Demo)","tournament_name":"Demo","team_names":["TV Refrath","BC Bischmisheim"],"location":"SpH Steinbreche","protest":"Coaching-Stühle zu gemütlich","umpires":"Barbara Bub & Markus Schwendtner","spectators":249,"starttime":"19:00","date":"21.5.2018","matchday":"Finale","notes":"Diverse Karten und Aufgabe im 2.HD","backup_players":[[{"name":"Kai Waldenberger","gender":"m","ranking":7,"ranking_d":10},{"name":"Dennis Nyenhuis","gender":"m","ranking":9,"ranking_d":7},{"name":"Elin Svensson","gender":"f","ranking":3}],[{"name":"Simon Wang","gender":"m","ranking":5,"ranking_d":9},{"name":"Nadia Fankhauser","gender":"f","ranking":5}]],"present_players":[[{"name":"Jan-Colin Völker","gender":"m","ranking":8},{"name":"Annika Dörr","gender":"f","ranking":4}],[{"name":"Matthias Deininger","gender":"m","ranking":7},{"gender":"m","name":"Michael Fuchs","ranking":11,"ranking_d":4}]],"all_players":[[{"gender":"m","name":"Lars Schänzler","ranking":1,"ranking_d":9,"regular":true},{"gender":"m","name":"Nhat Nguyen","ranking":2,"ranking_d":6,"nationality":"IRL","regular":true},{"gender":"m","name":"Adam Hall","ranking":3,"nationality":"SCO"},{"gender":"m","name":"Richard Domke","ranking":4,"ranking_d":5},{"gender":"m","name":"Sam Magee","ranking":5,"ranking_d":2,"nationality":"IRL","regular":true},{"gender":"m","name":"Raphael Beck","ranking":6,"ranking_d":1,"regular":true},{"gender":"m","name":"Kai Waldenberger","ranking":7,"ranking_d":10},{"gender":"m","name":"Jan-Colin Völker","ranking":8},{"gender":"m","name":"Dennis Nyenhuis","ranking":9,"ranking_d":7},{"gender":"m","name":"Max Schwenger","ranking":10,"ranking_d":4},{"gender":"f","name":"Leona Michalski","ranking":1,"nationality":"GER","regular":true},{"gender":"f","name":"Debora Jille","ranking":2,"regular":true},{"gender":"f","name":"Elin Svensson","ranking":3,"nationality":"SWE"},{"gender":"f","name":"Annika Dörr","ranking":4},{"gender":"f","name":"Jennifer Karnott","ranking":7},{"gender":"f","name":"Paula Kick","ranking":6},{"gender":"f","name":"Runa Plützer","ranking":5}],[{"gender":"m","name":"Fabian Roth","ranking":1,"ranking_d":6,"regular":true,"nationality":"GER"},{"gender":"m","name":"Luka Wraber","ranking":2,"ranking_d":8,"nationality":"AUT","regular":true},{"gender":"m","name":"Dieter Domke","ranking":3,"ranking_d":7,"nationality":"GER"},{"gender":"m","name":"Peter Käsbauer","ranking":4,"ranking_d":2,"regular":true,"nationality":"GER"},{"gender":"m","name":"Simon Wang","ranking":5,"ranking_d":9,"nationality":"GER"},{"gender":"m","name":"Marvin Seidel","ranking":6,"ranking_d":1,"regular":true,"nationality":"GER"},{"gender":"m","name":"Matthias Deininger","ranking":7,"nationality":"GER"},{"gender":"m","name":"Marcel Reuter","ranking":8,"nationality":"GER"},{"gender":"m","name":"Ruben Jille","ranking":9,"ranking_d":3,"nationality":"NED"},{"gender":"m","name":"Alen Roj","ranking":10,"ranking_d":12,"nationality":"SLO"},{"gender":"m","name":"Michael Fuchs","ranking":11,"ranking_d":4},{"gender":"m","name":"Johannes Schöttler","ranking":12,"ranking_d":5},{"gender":"f","name":"Natalia Perminova","ranking":1,"nationality":"RUS","regular":true},{"gender":"f","name":"Isabel Lohau","ranking":2,"regular":true,"nationality":"GER"},{"gender":"f","name":"Priskila Siahaya","ranking":3,"nationality":"INA"},{"gender":"f","name":"Cisita Joitiy Jansen","ranking":4,"nationality":"INA"},{"gender":"f","name":"Nadia Fankhauser","ranking":5,"nationality":"SUI"}]],"league_key":"1BL-2020","team_competition":true}}