{"type":"bup-export","version":2,"event":{"staticnet_message":"Bundesliga-Demo (nur lokal)","courts":[{"court_id":1,"description":"1 (links)","match_id":"bldemo_HD1"},{"court_id":2,"description":"2 (rechts)","match_id":"bldemo_DD"}],"matches":[{"setup":{"eventsheet_id":"1.HD","match_name":"1.HD","teams":[{"players":[{"name":"Sam Magee"},{"name":"Raphael Beck"}]},{"players":[{"name":"Marvin Seidel"},{"name":"Peter Käsbauer"}]}],"is_doubles":true,"match_id":"bldemo_HD1"}},{"setup":{"match_name":"DD","teams":[{"players":[{"name":"Carla Nelte"},{"name":"Chloe Magee"}]},{"players":[{"name":"Olga Konon"},{"name":"Isabel Lohau"}]}],"is_doubles":true,"match_id":"bldemo_DD"}},{"setup":{"eventsheet_id":"2.HD","match_name":"2.HD","teams":[{"players":[{"name":"Nhat Nguyen"},{"name":"Lars Schänzler"}]},{"players":[{"name":"Fabian Roth"},{"name":"Ruben Jille"}]}],"is_doubles":true,"match_id":"bldemo_HD2"}},{"setup":{"match_name":"1.HE","teams":[{"players":[{"name":"Lars Schänzler"}]},{"players":[{"name":"Fabian Roth"}]}],"is_doubles":false,"match_id":"bldemo_HE1"}},{"setup":{"match_name":"DE","teams":[{"players":[{"name":"Chloe Magee"}]},{"players":[{"name":"Luise Heim"}]}],"is_doubles":false,"match_id":"bldemo_DE"}},{"setup":{"match_name":"GD","teams":[{"players":[{"name":"Sam Magee"},{"name":"Carla Nelte"}]},{"players":[{"name":"Peter Käsbauer"},{"name":"Isabel Lohau"}]}],"is_doubles":true,"match_id":"bldemo_GD"}},{"setup":{"match_name":"2.HE","teams":[{"players":[{"name":"Nhat Nguyen"}]},{"players":[{"name":"Luka Wraber"}]}],"is_doubles":false,"match_id":"bldemo_HE2"}}],"id":"bldemo","event_name":"TV Refrath - BC Bischmisheim (Demo)","tournament_name":"Demo","team_names":["TV Refrath","BC Bischmisheim"],"location":"SpH Steinbreche","protest":"Coaching-Stühle zu gemütlich","umpires":"Barbara Bub & Markus Schwendtner","spectators":300,"starttime":"19:00","date":"21.5.2019","matchday":"Finale","notes":"Um 3 Minuten verspäteter Spielbeginn wegen Gänsen in der Halle. Mindestanforderungen nicht eingehalten: Einige der Federbälle waren nicht zugelassen. Gelbe Karte im 1.HD gegen Sam Magee wegen zu gutem Spiel.","backup_players":[[{"name":"Kai Waldenberger","gender":"m","ranking":7,"ranking_d":10},{"name":"Dennis Nyenhuis","gender":"m","ranking":9,"ranking_d":7},{"name":"Elin Svensson","gender":"f","ranking":3}],[{"name":"Simon Wang","gender":"m","ranking":5,"ranking_d":9},{"name":"Nadia Fankhauser","gender":"f","ranking":5}]],"present_players":[[{"name":"Jan-Colin Völker","gender":"m","ranking":8},{"name":"Annika Dörr","gender":"f","ranking":4}],[{"name":"Matthias Deininger","gender":"m","ranking":7},{"gender":"m","name":"Michael Fuchs","ranking":11,"ranking_d":4},{"gender":"m","name":"Johannes Schöttler","ranking":12,"ranking_d":5}]],"all_players":[[{"gender":"m","name":"Lars Schänzler","ranking":1,"ranking_d":9,"regular":true},{"gender":"m","name":"Nhat Nguyen","ranking":2,"ranking_d":6,"nationality":"IRL","regular":true},{"gender":"m","name":"Joshua Magee","ranking":3,"nationality":"IRL"},{"gender":"m","name":"Richard Domke","ranking":4,"ranking_d":5},{"gender":"m","name":"Sam Magee","ranking":5,"ranking_d":2,"nationality":"IRL","regular":true},{"gender":"m","name":"Raphael Beck","ranking":6,"ranking_d":1,"regular":true},{"gender":"m","name":"Kai Waldenberger","ranking":7,"ranking_d":10},{"gender":"m","name":"Jan-Colin Völker","ranking":8},{"gender":"m","name":"Dennis Nyenhuis","ranking":9,"ranking_d":7},{"gender":"m","name":"Max Schwenger","ranking":10,"ranking_d":4},{"gender":"m","name":"Kento Momota","ranking":11,"nationality":"JPN"},{"gender":"m","name":"Lin Dan","ranking":12,"nationality":"CHN"},{"gender":"f","name":"Chloe Magee","ranking":1,"nationality":"IRL","regular":true},{"gender":"f","name":"Carla Nelte","ranking":2,"regular":true},{"gender":"f","name":"Elin Svensson","ranking":3,"nationality":"SWE"},{"gender":"f","name":"Annika Dörr","ranking":4},{"gender":"f","name":"Runa Plützer","ranking":5},{"gender":"f","name":"Paula Kick","ranking":6},{"gender":"f","name":"Jennifer Karnott","ranking":7},{"gender":"f","name":"Akane Yamaguchi","ranking":8,"nationality":"JPN"}],[{"gender":"m","name":"Fabian Roth","ranking":1,"ranking_d":6,"regular":true},{"gender":"m","name":"Luka Wraber","ranking":2,"ranking_d":8,"nationality":"AUT","regular":true},{"gender":"m","name":"Dieter Domke","ranking":3,"ranking_d":7},{"gender":"m","name":"Peter Käsbauer","ranking":4,"ranking_d":2,"regular":true},{"gender":"m","name":"Simon Wang","ranking":5,"ranking_d":9},{"gender":"m","name":"Marvin Seidel","ranking":6,"ranking_d":1,"regular":true},{"gender":"m","name":"Matthias Deininger","ranking":7},{"gender":"m","name":"Marcel Reuter","ranking":8},{"gender":"m","name":"Ruben Jille","ranking":9,"ranking_d":3,"nationality":"NED"},{"gender":"m","name":"Alen Roj","ranking":10,"ranking_d":12,"nationality":"SLO"},{"gender":"m","name":"Michael Fuchs","ranking":11,"ranking_d":4},{"gender":"m","name":"Johannes Schöttler","ranking":12,"ranking_d":5},{"gender":"f","name":"Luise Heim","ranking":1,"regular":true},{"gender":"f","name":"Natalia Perminova","ranking":2,"nationality":"RUS","regular":true},{"gender":"f","name":"Isabel Lohau","ranking":3,"regular":true},{"gender":"f","name":"Olga Konon","ranking":4},{"gender":"f","name":"Cisita Joitiy Jansen","ranking":5,"nationality":"INA"},{"gender":"f","name":"Nadia Fankhauser","ranking":6,"nationality":"SUI"}]],"league_key":"1BL-2020","team_competition":true}}