{"type":"bup-export","version":2,"event":{"staticnet_message":"Demo mode - Changes will not be transmitted","preferred_order":["MD","WD","MS1","WS","MX","MS2"],"courts":[{"court_id":1,"description":"1 (left)"},{"court_id":2,"description":"2 (right)"}],"matches":[{"setup":{"match_name":"MD","eventsheet_id":"1.HD","teams":[{"players":[{"name":"Mathias Boe"},{"name":"Carsten Mogensen"}]},{"players":[{"name":"Fu Haifeng"},{"name":"Zhang Nan"}]}],"team_competition":true,"is_doubles":true,"match_id":"edemo_MD"},"network_score":[],"presses_json":"[]"},{"setup":{"match_name":"WD","eventsheet_id":"DD","teams":[{"players":[{"name":"Kamilla Rytter Juhl"},{"name":"Christinna Pedersen"}]},{"players":[{"name":"Luo Ying"},{"name":"Luo Yu"}]}],"team_competition":true,"is_doubles":true,"match_id":"edemo_WD"},"network_score":[],"presses_json":"[]"},{"setup":{"match_name":"MS1","eventsheet_id":"1.HE","teams":[{"players":[{"name":"Jan Ø. Jørgensen"}]},{"players":[{"name":"Chen Long"}]}],"team_competition":true,"is_doubles":false,"match_id":"edemo_MS1"},"network_score":[],"presses_json":"[]"},{"setup":{"match_name":"WS","eventsheet_id":"DE","teams":[{"players":[{"name":"Line Kjaersfeldt"}]},{"players":[{"name":"Li Xuerui"}]}],"team_competition":true,"is_doubles":false,"match_id":"edemo_WS"},"network_score":[],"presses_json":"[]"},{"setup":{"match_name":"MX","eventsheet_id":"GD","teams":[{"players":[{"name":"Joachim Fischer Nielsen"},{"name":"Christinna Pedersen"}]},{"players":[{"name":"Zhang Nan"},{"name":"Zhao Yunlei"}]}],"team_competition":true,"is_doubles":true,"match_id":"edemo_MX"},"network_score":[],"presses_json":"[]"},{"setup":{"match_name":"MS2","eventsheet_id":"2.HE","teams":[{"players":[{"name":"Viktor Axelsen"}]},{"players":[{"name":"Lin Dan"}]}],"team_competition":true,"is_doubles":false,"match_id":"edemo_MS2"},"network_score":[],"presses_json":"[]"}],"id":"edemo","event_name":"Denmark - China (Demo)","tournament_name":"Demo","team_names":["Denmark","China"],"location":"Gold Coast, Australia","starttime":"14:00 AEST","matchday":"Finals","notes":"","backup_players":[[{"name":"Hans-Kristian Vittinghus","gender":"m"}],[{"name":"Wang Shixian","gender":"f"}]],"all_players":[[{"gender":"m","name":"Kim Astrup"},{"gender":"m","name":"Viktor Axelsen"},{"gender":"m","name":"Mathias Christiansen"},{"gender":"m","name":"Petersen Mads Conrad"},{"gender":"m","name":"Jan Ø. Jørgensen"},{"gender":"m","name":"Kolding Mads Pieler"},{"gender":"m","name":"Rasmussen Anders Skaarup"},{"gender":"m","name":"Hans-Kristian Vittinghus"},{"gender":"f","name":"Maiken Fruergaard"},{"gender":"f","name":"Lena Grebak"},{"gender":"f","name":"Maria Helsbol"},{"gender":"f","name":"Line Kjaersfeldt"},{"gender":"f","name":"Anna Thea Madsen"},{"gender":"f","name":"Sar Thygesena"}],[{"gender":"m","name":"Cai Yun"},{"gender":"m","name":"Chai Biao"},{"gender":"m","name":"Chen Long"},{"gender":"m","name":"Fu Haifeng"},{"gender":"m","name":"Hong Wei"},{"gender":"m","name":"Lin Dan"},{"gender":"m","name":"Liu Cheng"},{"gender":"m","name":"Lu Kai"},{"gender":"m","name":"Wang Zhengming"},{"gender":"m","name":"Xu Chen"},{"gender":"m","name":"Zhang Nan"},{"gender":"f","name":"Bao Yixin"},{"gender":"f","name":"Li Xuerui"},{"gender":"f","name":"Ma Jin"},{"gender":"f","name":"Tang Yuanting"},{"gender":"f","name":"Wang Shixian"},{"gender":"f","name":"Wang Xiaoli"},{"gender":"f","name":"Wang Yihan"},{"gender":"f","name":"Yu Yang"},{"gender":"f","name":"Zhao Yunlei"}]],"league_key":"1BL-2015"}}